Part,BrickLink ID,Color,BrickLink Color ID,Qty,Notes
Brick 1x2,3004,Dark Bluish Gray,85,6,
Brick 1x1,3005,Dark Bluish Gray,85,4,
Plate 1x1,3024,Dark Bluish Gray,85,4,
Plate 1x2,3023,Dark Bluish Gray,85,4,
Plate 1x4,3710,Dark Bluish Gray,85,2,
Brick 1x4,3010,Dark Bluish Gray,85,1,
Plate 1x6,3666,Dark Bluish Gray,85,1,
Tile 1x2,3069b,Dark Bluish Gray,85,1,
Plate 1x1,3024,Flat Silver,95,360,
Plate 1x2,3023,Flat Silver,95,214,
Brick 2x6,2456,Flat Silver,95,191,
Brick 1x6,3009,Flat Silver,95,158,
Tile 1x1,3070b,Flat Silver,95,156,
Brick 1x2,3004,Flat Silver,95,92,
Plate 1x4,3710,Flat Silver,95,70,
Brick 1x4,3010,Flat Silver,95,59,
Plate 1x6,3666,Flat Silver,95,57,
Brick 1x1,3005,Flat Silver,95,51,
Brick 2x2,3003,Flat Silver,95,51,
Tile 1x2,3069b,Flat Silver,95,49,
Slope 45 2 x 1,3040,Flat Silver,95,40,substitute — see notes
Brick 2x4,3001,Flat Silver,95,34,
Plate 1x3,3623,Flat Silver,95,29,
Brick 1x3,3622,Flat Silver,95,24,
Plate 2x6,3795,Flat Silver,95,21,
Plate 2x4,3020,Flat Silver,95,19,
Brick 2x3,3002,Flat Silver,95,18,
Plate 2x2,3022,Flat Silver,95,15,
Slope Curved 2 x 1 x 2/3,11477,Flat Silver,95,8,substitute — see notes
Tile 1x6,6636,Flat Silver,95,6,
Plate 2x3,3021,Flat Silver,95,4,
Slope Inverted 45 2 x 1,3665,Flat Silver,95,4,substitute — see notes
Tile 1x4,2431,Flat Silver,95,4,
Plate 1x2,3023,Pearl Gold,115,42,
Plate 1x1,3024,Pearl Gold,115,24,
Plate 1x6,3666,Pearl Gold,115,20,
Tile 1x2,3069b,Pearl Gold,115,14,
Tile 1x6,6636,Pearl Gold,115,14,two 1x6 per 2x6 cap
Plate 2x6,3795,Pearl Gold,115,13,
Brick 1x2,3004,Pearl Gold,115,4,
Plate 2x4,3020,Pearl Gold,115,4,
Tile 1x1,3070b,Pearl Gold,115,4,
TOTAL,,,,1896,
